timestamp,run_id,step_index,event,skill,duration_s,in_tok,out_tok,cache_c_tok,cache_r_tok,cost_usd,status,detail
2026-08-14T09:19:29+0200,A-BMAD-1,0,step,bmad-help+entry,547.7,2691,62139,186643,2315914,2.57032,partial,"Das PRD ist fertig. Zusammenfassung:  - **bmad-help** hat ermittelt, dass kein Planungsartefakt existiert und der erste erforderliche Schritt `bmad-prd` (Create) ist, da Phase 1 (Analyse) optional ist und der vollständige Projektauftrag bereits als Product Brief dient. - **bmad-prd** wurde headless "
2026-08-14T09:28:37+0200,A-BMAD-1,1,router,bmad-help,41.8,798,2589,27047,259926,0.279745,ok,"Der PRD-Ordner (`prd-bmad-core-bmm-2026-08-14`) enthält ein finalisiertes PRD (laut `.memlog.md`), aber es existieren weder UX-Design- noch Architektur-, Epics/Stories- oder Implementation-Artefakte. Da das Projekt einen grafischen, raumbezogenen Sitzplan als zentrales UI-Feature hat, ist UX-Design "
2026-08-14T09:29:19+0200,A-BMAD-1,1,step,bmad-ux,420.2,5025,36888,99464,1753099,1.686755,partial,"`DESIGN.md` und `EXPERIENCE.md` sind fertiggestellt unter `_bmad-output/planning-artifacts/ux-designs/ux-bmad-core-bmm-2026-08-14/`, abgeleitet aus dem PRD, dem Addendum und dem Anfangsdatenbestand (`anfangsdatenbestand.json`). Kernentscheidungen: eigenständiges Design-System ohne UI-Kit-Vererbung, "
2026-08-14T09:36:19+0200,A-BMAD-1,2,router,bmad-help,26.2,1217,1570,22615,169602,0.211988,ok,"No architecture, epics/stories, or sprint plan artifacts exist yet. PRD and UX design are both complete, so the required next step is the architecture skill.  {""status"":""complete"",""next_skill"":""bmad-architecture"",""action"":null,""phase"":""3-solutioning"",""required"":true,""done"":false,""reason"":""PRD und UX"
2026-08-14T09:50:53+0200,A-BMAD-1,2,network_fetch,bmad-architecture,,,,,,,befund,"which curl; curl -s --max-time 10 ""https://learn.microsoft.com/en-us/ef/core/testing/choosing-a-testing-strategy"" -o /tmp/ef_testing.html -w ""%{http_code}\n"" 2>&1 | tail -5"
2026-08-14T09:36:45+0200,A-BMAD-1,2,step,bmad-architecture,847.5,2178,109209,312561,5449281,4.747297,partial,The architecture spine is finalized. Summary of what was produced:  **Spine:** `_bmad-output/planning-artifacts/architecture/architecture-bmad-core-bmm-2026-08-14/ARCHITECTURE-SPINE.md` — 8 architecture decisions (AD-1…AD-8) covering: DB-enforced concurrency control for FR-13/SM-2 (filtered unique i
2026-08-14T09:50:53+0200,A-BMAD-1,3,router,bmad-help,30.6,796,1913,32201,233051,0.29247,ok,"Architektur ist final (Spine mit `status: final`, Reviewer-Gate durchlaufen), aber Epics/Stories und Sprint-Plan existieren noch nicht. Damit ist der nächste erforderliche Schritt `bmad-create-epics-and-stories`.  ```json {""status"":""complete"",""next_skill"":""bmad-create-epics-and-stories"",""action"":nul"
2026-08-14T09:51:23+0200,A-BMAD-1,3,step,bmad-create-epics-and-stories,440.0,2083,44960,110997,1232525,1.712052,complete,"No `on_complete` follow-up configured. The epics and stories document is complete and saved.  **Ergebnis:** `_bmad-output/planning-artifacts/epics.md` — 3 Epics, 11 Stories, vollständige Abdeckung aller FR-1–FR-13, NFR-1–NFR-8 und UX-DR1–UX-DR13, jeweils mit Given/When/Then-Akzeptanzkriterien und Bi"
2026-08-14T09:58:43+0200,A-BMAD-1,4,router,bmad-help,20.4,791,1126,23593,139811,0.20102,ok,"Epics/stories exist and are validated (step-04-final-validation completed), but no readiness report or sprint plan exists yet. That's enough to determine the next required skill: `bmad-check-implementation-readiness`.  {""status"":""complete"",""next_skill"":""bmad-check-implementation-readiness"",""action"":"
2026-08-14T09:59:04+0200,A-BMAD-1,4,step,bmad-check-implementation-readiness,309.2,2099,28616,106667,1963564,1.660256,complete,"Der Implementation-Readiness-Check ist abgeschlossen. Alle sechs Schritte (Dokumentinventar, PRD-Analyse, Epic-Coverage, UX-Alignment, Epic-Qualitätsprüfung, Abschlussbewertung) wurden autonom durchlaufen; Menüpunkte wurden mangels Gegenüber automatisch mit „Continue"" beantwortet und als Annahme pro"
2026-08-14T10:04:13+0200,A-BMAD-1,5,router,bmad-help,21.8,793,1004,23458,176919,0.209539,ok,"{""status"":""complete"",""next_skill"":""bmad-sprint-planning"",""action"":null,""phase"":""4-implementation"",""required"":true,""done"":false,""reason"":""Alle Planungsartefakte (PRD, UX, Architektur, Epics) sind vorhanden und der Implementation-Readiness-Report vom 2026-08-14 bewertet sie als READY ohne kritische Be"
2026-08-14T10:04:35+0200,A-BMAD-1,5,step,bmad-sprint-planning,52.0,2058,4702,35170,312668,0.377218,complete,"on_complete ist leer, kein weiterer Schritt nötig. Sprint-Status wurde erfolgreich generiert.  **Sprint Status generiert**  - **Datei:** `_bmad-output/implementation-artifacts/sprint-status.yaml` - **Epics gesamt:** 3 - **Stories gesamt:** 11 - **Epics in Bearbeitung:** 0 - **Stories abgeschlossen:*"
2026-08-14T10:05:27+0200,A-BMAD-1,6,router,bmad-help,18.5,792,1118,23141,141635,0.198759,ok,"All stories are still `backlog`, so implementation hasn't started. Sprint planning (step-005) is the latest completed artifact. Next required step is starting the story cycle with `bmad-create-story` (action: create).  {""status"":""complete"",""next_skill"":""bmad-create-story"",""action"":""create"",""phase"":"""
2026-08-14T10:05:45+0200,A-BMAD-1,6,step,bmad-create-story,333.5,2090,30016,117877,1424790,1.586965,complete,"Both updates are in place. The `on_complete` customization hook resolved to empty, so no further terminal action is required.  **Story erstellt:** `1-1-veranstaltungen-aus-dem-anfangsdatenbestand-laden-und-als-liste-anzeigen` (Epic 1, Story 1.1), Datei: `_bmad-output/implementation-artifacts/1-1-ver"
2026-08-14T10:11:19+0200,A-BMAD-1,7,step,bmad-dev-story,544.1,2238,42428,135612,10551216,4.617875,complete,"All tasks complete, both test suites green, and the story has been verified end-to-end against a real SQL Server instance. Story 1.1 status is now `review`.  Summary of what was implemented: - **Backend**: `Venue`/`Room`/`Event` domain entities, `AppDbContext` with EF Core 10 primitive collections f"
2026-08-14T10:20:23+0200,A-BMAD-1,8,step,bmad-code-review,675.4,2168,90209,407916,5184500,4.770924,complete,"## Code-Review abgeschlossen — Story 1.1  **Review-Ziel (headless abgeleitet):** Sprint-Status zeigte genau eine Story in `review`: *1.1 – Veranstaltungen aus dem Anfangsdatenbestand laden und als Liste anzeigen*. Diff `b0b5819..c1c4a70` (39 Dateien, 2055 Zeilen) gegen `baseline_commit` aus der Stor"
2026-08-14T10:31:38+0200,A-BMAD-1,9,router,bmad-help,33.2,798,1807,31073,260140,0.292265,ok,"Story 1-1 steht nach dem Code-Review auf `in-progress` mit 3 offenen Patch-Findings (Fehlerbehandlung beim Laden, hartkodierte max-width, fehlende Formatierungs-Tests). Laut Katalog führt der Code-Review-Zyklus bei Findings zurück zu Dev Story. Der nächste Schritt ist daher `bmad-dev-story`, um dies"
2026-08-14T10:32:11+0200,A-BMAD-1,9,step,bmad-dev-story,206.2,2112,16903,67156,2375380,1.371095,complete,"Alles konsistent mit der geplanten File List. Alle Änderungen sind bereits verifiziert (Tests, Build). Die Story ist vollständig — kein Commit wird erstellt, da der Nutzer das nicht explizit angefordert hat.  Status: ```json {""status"":""complete"",""skill"":""bmad-dev-story"",""story"":""1-1-veranstaltungen-"
2026-08-14T10:35:38+0200,A-BMAD-1,10,step,bmad-code-review,582.8,2200,77581,233563,5296769,3.895404,complete,"## Zusammenfassung  **Review-Ziel (headless abgeleitet, Tier 3 – Sprint-Tracking):** Story `1-1-veranstaltungen-aus-dem-anfangsdatenbestand-laden-und-als-liste-anzeigen` war die einzige Story im Status `review`. Da bereits ein erster Review-Durchgang (Commit `87ec5ec`) 3 Patch-Findings gefunden hatt"
2026-08-14T10:45:21+0200,A-BMAD-1,11,router,bmad-help,25.7,794,1484,24355,178684,0.222653,ok,"Story 1.1 ist abgeschlossen (Status `done`, zwei Code-Reviews durchlaufen), Story 1.2–1.4 sowie Epics 2 und 3 stehen noch auf `backlog`. Der Story-Zyklus verlangt als nächsten Pflichtschritt das Erzeugen der nächsten Story im Sprint-Plan.  ```json {""status"":""complete"",""next_skill"":""bmad-create-story"
2026-08-14T10:45:46+0200,A-BMAD-1,11,step,bmad-create-story,358.1,2094,32464,132044,1901618,1.851727,complete,Die Story wurde erstellt und der Sprint-Status aktualisiert.  **Story 1.2: Veranstaltungsliste nach Datumsbereich filtern** - Datei: `_bmad-output/implementation-artifacts/1-2-veranstaltungsliste-nach-datumsbereich-filtern.md` - Status: `ready-for-dev` - Sprint-Status aktualisiert: `1-2-veranstaltun
2026-08-14T10:51:44+0200,A-BMAD-1,12,step,bmad-dev-story,278.9,2148,22614,84935,3850425,2.006165,complete,"Story 1.2 ""Veranstaltungsliste nach Datumsbereich filtern"" wurde vollständig implementiert: Backend-Filterlogik mit inklusiven Grenzen (`GetEventsAsync(DateOnly? from, DateOnly? to)`), 5 neue Backend-Tests, neue `FilterBar`-Komponente, `EventListPage` reaktiv mit `effect()` und Race-Condition-Schutz"
2026-08-14T10:56:23+0200,A-BMAD-1,13,step,bmad-code-review,750.1,2202,109145,269274,6226161,4.811294,complete,"**Code Review abgeschlossen** für Story 1.2 (Veranstaltungsliste nach Datumsbereich filtern).  **Ergebnis:** 0 offene `decision-needed`, 4 `patch` behoben, 3 `defer` (1 Decision autonom als Defer aufgelöst + 2 vorbestehend), 7 als Rauschen verworfen.  Behobene Patches: 1. `EventService.GetEventsAsyn"
2026-08-14T11:08:53+0200,A-BMAD-1,14,router,bmad-help,33.8,873,2500,20983,199504,0.224124,ok,"Story 1.2 ist abgeschlossen (Status: done, Dev-Story und Code-Review bereits durchlaufen). Sprint-Plan zeigt Story 1.3 noch als `backlog` ohne Story-Datei. Der nächste Pflichtschritt ist `bmad-create-story` (Action: create) für Story 1.3.  ```json {""status"":""complete"",""next_skill"":""bmad-create-story"
2026-08-14T11:09:27+0200,A-BMAD-1,14,step,bmad-create-story,349.6,2110,31176,140838,3117288,2.24983,complete,"on_complete is empty, no further terminal instruction. Story creation is complete.  **🎯 ULTIMATE BMad Method STORY CONTEXT CREATED, Alex!**  - **Story ID:** 1.3 - **Story Key:** `1-3-veranstaltungsliste-nach-spielstaette-filtern` - **File:** `_bmad-output/implementation-artifacts/1-3-veranstaltungsl"
2026-08-14T11:15:17+0200,A-BMAD-1,15,step,bmad-dev-story,422.0,2172,42876,108461,5427675,2.924448,complete,"Backend and frontend implementation for Story 1.3 (Spielstättenfilter) is complete: `GET /api/venues` endpoint, `venueId` filter on `GET /api/events` (AND-combined with date filters), frontend `VenueService`/model, `FilterBar` venue select, active-filter pills, and the empty-state with ""Filter zurüc"
2026-08-14T11:22:19+0200,A-BMAD-1,16,step,bmad-code-review,709.9,2178,111142,322964,5526787,4.86948,complete,"Der Review ist abgeschlossen. Zusammenfassung:  **Code-Review für Story 1.3 „Veranstaltungsliste nach Spielstätte filtern""** (Diff `e3a93b1..099de10`, headless, `bmad-code-review`)  Drei parallele Reviewer (Blind Hunter, Edge Case Hunter, Acceptance Auditor) liefen gegen Diff, Story-AC und Dev Notes"
2026-08-14T11:34:09+0200,A-BMAD-1,17,router,bmad-help,31.9,796,2066,30398,226618,0.282037,ok,"Basierend auf `sprint-status.yaml` sind die Stories 1.1–1.3 erledigt (inkl. Code-Review), Story 1.4 ist noch `backlog`. Der nächste Schritt im Story-Zyklus ist `bmad-create-story` (action `create`) für Story 1.4.  {""status"":""complete"",""next_skill"":""bmad-create-story"",""action"":""create"",""phase"":""4-imp"
2026-08-14T11:34:41+0200,A-BMAD-1,17,step,bmad-create-story,303.9,2102,27931,126135,2218008,1.843239,complete,"Empty — no additional terminal instruction. Story creation complete.  **Story 1.4: Veranstaltungsdetails ansehen** wurde erstellt unter `_bmad-output/implementation-artifacts/1-4-veranstaltungsdetails-ansehen.md`, Status `ready-for-dev`, `sprint-status.yaml` aktualisiert.  Kern der Story: neuer Endp"
2026-08-14T11:39:45+0200,A-BMAD-1,18,step,bmad-dev-story,337.9,2156,30475,106566,4734507,2.519045,complete,"Story 1.4 (Veranstaltungsdetails ansehen) ist vollständig implementiert: Backend-Endpunkt `GET /api/events/{id}` mit 404-Handling, Frontend-Modell/-Service, Router-Erweiterung mit `withComponentInputBinding()`, neue `EventDetailPage`-Komponente mit allen Detailfeldern und „Plätze wählen""-Link. Alle "
2026-08-14T11:45:23+0200,A-BMAD-1,19,step,bmad-code-review,581.8,2180,82647,247541,5278813,4.046328,complete,"Code-Review für Story 1.4 abgeschlossen.  **Zusammenfassung:** - Diff `9a8a23f..6b257b4` gegen Story `1-4-veranstaltungsdetails-ansehen` geprüft (Tier-3-Auswahl: einzige Story im Status `review`, autonom bestätigt da headless) - 3 parallele Reviewer (Blind Hunter, Edge Case Hunter, Acceptance Audito"
2026-08-14T11:55:04+0200,A-BMAD-1,20,router,bmad-help,27.9,794,1693,25289,179601,0.231647,ok,"Story 1-4 confirmed done, epic-1 complete, epic-2/3 still backlog. Next required step is creating the first story of epic 2.  {""status"":""complete"",""next_skill"":""bmad-create-story"",""action"":""create"",""phase"":""4-implementation"",""required"":true,""done"":false,""reason"":""Epic 1 ist vollstaendig abgeschlosse"
2026-08-14T11:55:32+0200,A-BMAD-1,20,step,bmad-create-story,413.3,2118,38334,159406,3858936,2.691127,complete,"Empty — no further terminal instruction. The story creation is complete.  **Zusammenfassung:** Story 2.1 „Sitzplan eines Raums abbilden und grafisch darstellen"" wurde erstellt unter `_bmad-output/implementation-artifacts/2-1-sitzplan-eines-raums-abbilden-und-grafisch-darstellen.md`, Status `ready-fo"
2026-08-14T12:02:26+0200,A-BMAD-1,21,step,bmad-dev-story,626.8,2260,58711,154733,11831718,5.361032,complete,"Story 2.1 „Sitzplan eines Raums abbilden und grafisch darstellen"" ist vollständig implementiert:  **Backend:** `Seat`-Entität + EF-Migration `AddSeat`, `SeedImporter`-Erweiterung (384 Sitzplätze aus dem Anfangsdatenbestand, Gang-Spalten ausgenommen), `SeatMapService`/`SeatMapDto`, neuer Endpunkt `GE"
2026-08-14T12:12:52+0200,A-BMAD-1,22,step,bmad-code-review,785.3,2248,106758,378611,9641923,6.294276,complete,"Alles grün: 44/44 Frontend-Tests, 19/19 Backend-Tests, Production-Build erfolgreich. Der Code-Review-Workflow ist abgeschlossen.  **Zusammenfassung:** Code-Review für Story 2.1 (Sitzplan) durchgeführt. Drei parallele Review-Layer (Blind Hunter, Edge Case Hunter, Acceptance Auditor) fanden nach Dedup"
2026-08-14T12:25:58+0200,A-BMAD-1,23,router,bmad-help,23.1,794,1346,22907,177132,0.21142,ok,"This confirms the pattern: the story cycle completed for 2-1 (create-story → dev-story → code-review), leaving epic-2 with story 2-2 next in `backlog`. The required next step is `bmad-create-story` (action: create) for story 2-2.  {""status"":""complete"",""next_skill"":""bmad-create-story"",""action"":""creat"
2026-08-14T12:26:21+0200,A-BMAD-1,23,step,bmad-create-story,412.9,2108,38493,157975,2903322,2.398212,complete,"`workflow.on_complete` ist leer, keine weitere Aktion nötig.  **🎯 ULTIMATE BMad Method STORY CONTEXT CREATED, Alex!**  **Story Details:** - Story ID: 2.2 - Story Key: `2-2-freie-sitzplaetze-auswaehlen-und-auswahl-aufheben` - File: `_bmad-output/implementation-artifacts/2-2-freie-sitzplaetze-auswaehl"
2026-08-14T12:35:02+0200,A-BMAD-1,24,rate_limit_wait_start,,,,,,,,,attempt=1 wait_min=77 quelle=Ruecksetzzeit aus der Meldung
2026-08-14T13:52:00+0200,A-BMAD-1,24,rate_limit_wait_end,,4617.1,,,,,,,
2026-08-14T13:52:00+0200,A-BMAD-1,24,step,bmad-dev-story,244.6,2102,22159,85467,1928758,1.425894,complete,"Keine offenen Tasks mehr, alle Dateien im File List erfasst, volle Testsuite grün (56/56). Story 2.2 ist vollständig abgeschlossen und auf Status ""review"" gesetzt.  **Zusammenfassung:** - Story: `2-2-freie-sitzplaetze-auswaehlen-und-auswahl-aufheben` (Freie Sitzplätze auswählen und Auswahl aufheben)"
2026-08-14T13:56:04+0200,A-BMAD-1,25,step,bmad-code-review,1091.8,3832,133684,371029,9215393,6.54246,complete,"Alle Checks grün. Der Code-Review-Workflow für Story 2.2 ist abgeschlossen.  **Zusammenfassung:** Review-Ziel wurde autonom per Sprint-Status ermittelt (einzige Story im Status `review`), Diff `274b67f..HEAD` gegen `2-2-freie-sitzplaetze-auswaehlen-und-auswahl-aufheben.md` geprüft. Drei parallele Re"
2026-08-14T14:14:16+0200,A-BMAD-1,26,router,bmad-help,30.4,796,1587,26492,218072,0.248823,ok,"Keine Storydateien für 2-3 bis 3-2 vorhanden — Story 2-2 ist abgeschlossen inklusive Code Review, nächster Schritt ist das Erstellen der Story 2-3.  {""status"":""complete"",""next_skill"":""bmad-create-story"",""action"":""create"",""phase"":""4-implementation"",""required"":true,""done"":false,""reason"":""Story 2-2 ist"
2026-08-14T14:14:46+0200,A-BMAD-1,26,step,bmad-create-story,754.1,2132,71401,202154,5119774,3.821893,complete,"This looks solid and internally consistent. The story file is complete, well-sourced, and free of the bug I caught and fixed (the duplicated ""Kategorie"" prefix in aria-labels). Sprint status has been updated.  ## Zusammenfassung  Story **2.3: Preiskategorie je Sitzplatz wählen** wurde erstellt unter"
2026-08-14T14:27:20+0200,A-BMAD-1,27,step,bmad-dev-story,383.3,2192,34060,126999,7531623,3.534631,complete,"Empty — no additional terminal instruction. Story implementation is complete.  ## Zusammenfassung  Story **2.3 „Preiskategorie je Sitzplatz wählen""** wurde vollständig umgesetzt (alle 9 Tasks, alle 4 Acceptance Criteria) und der Status auf `review` gesetzt (Story-Datei + `sprint-status.yaml`).  **Ba"
2026-08-14T14:33:44+0200,A-BMAD-1,28,step,bmad-code-review,913.8,2212,139653,343996,7903525,6.139632,complete,"**Review Complete!**  - **Story-Status:** `done` (Story 2.3, `2-3-preiskategorie-je-sitzplatz-waehlen`) - **Gefixte Findings:** 2 (Escape-Fokusverlust im Preiskategorie-Panel; fehlendes Tausendertrennzeichen in `formatEuroAmount`) - **Deferred:** 1 (hart codierte Preiswerte in Backend-Tests, vorbest"
2026-08-14T14:48:58+0200,A-BMAD-1,29,router,bmad-help,39.1,859,2209,28673,328269,0.304487,ok,"Bestätigt: Sprint-Planning ist bereits abgeschlossen (`sprint-status.yaml` existiert), Story 2.3 hat den vollen Zyklus (Dev Story → Code Review) durchlaufen. Story 2.4 existiert noch nicht als Datei. Nicht alle Stories sind ""done"" (2-4, 2-5, 3-1, 3-2 sind backlog), also ist der Sprint nicht abgeschl"
2026-08-14T14:49:37+0200,A-BMAD-1,29,step,bmad-create-story,370.8,2102,36185,169288,2663135,2.359436,complete,"Empty — no further terminal instruction. The story is complete.  **Story 2.4 „Gesamtpreis berechnen und anzeigen"" wurde erstellt:** `_bmad-output/implementation-artifacts/2-4-gesamtpreis-berechnen-und-anzeigen.md`, Status `ready-for-dev`. Sprint-Status aktualisiert.  Zusammenfassung: reine Frontend-"
2026-08-14T14:55:48+0200,A-BMAD-1,30,step,bmad-dev-story,236.1,2120,23432,89816,3065080,1.811964,complete,"Story 2.4 „Gesamtpreis berechnen und anzeigen"" ist implementiert und auf Status `review` gesetzt. Neue Komponente `SummaryPanel` (4 neue Dateien) plus Erweiterungen an `SitzplanPage` (`.ts`/`.html`/`.scss`/`.spec.ts`). Alle 4 Acceptance Criteria sind über 14 neue Tests abgedeckt (6 isoliert für `Sum"
2026-08-14T14:59:44+0200,A-BMAD-1,31,step,bmad-code-review,887.8,2282,117109,321686,11771318,6.857667,complete,"Der Code-Review für Story 2.4 „Gesamtpreis berechnen und anzeigen"" ist abgeschlossen.  **Ergebnis:** - 3 parallele Review-Layer (Blind Hunter, Edge Case Hunter, Acceptance Auditor) gegen Diff `a5054ca..44d4e38` durchgeführt - **3 Patches angewendet** (alle Code-Fixes, kein Entscheidungsbedarf):   1."
2026-08-14T15:14:32+0200,A-BMAD-1,32,router,bmad-help,27.3,794,1626,23148,178263,0.217405,ok,"Kein Story-File für 2-5 vorhanden, Sprint-Status bestätigt `backlog`. Der nächste Pflichtschritt ist die Story-Erstellung für 2-5.  ```json {""status"":""complete"",""next_skill"":""bmad-create-story"",""action"":""create"",""phase"":""4-implementation"",""required"":true,""done"":false,""reason"":""Sprint-Status zeigt St"
2026-08-14T15:14:59+0200,A-BMAD-1,32,step,bmad-create-story,749.4,2114,71829,183081,3638241,3.269341,complete,"Der `on_complete`-Hook ist leer, keine weitere Aktion nötig.  ## Zusammenfassung  Story **2.5: Buchung abschließen — konfliktsicher ohne Teilbuchung** wurde erstellt unter `_bmad-output/implementation-artifacts/2-5-buchung-abschliessen-konfliktsicher-ohne-teilbuchung.md` und der Sprint-Status auf `r"
2026-08-14T15:27:28+0200,A-BMAD-1,33,step,bmad-dev-story,1050.7,2388,89365,245962,28555527,11.385743,complete,"Kein zusätzlicher Abschluss-Hook konfiguriert. Der Workflow ist vollständig durchlaufen.  ## Zusammenfassung  Story **2.5 ""Buchung abschließen — konfliktsicher ohne Teilbuchung""** wurde vollständig implementiert, headless im Rahmen von `bmad-dev-story`.  **Backend:** `Booking`/`BookingSeat`-Domain m"
2026-08-14T15:44:59+0200,A-BMAD-1,34,step,bmad-code-review,806.9,2246,112223,485253,9254727,6.584203,complete,"Alle 4 Patches sind angewendet, verifiziert (35/35 Backend-Tests inkl. echter SQL-Server-Concurrency-Tests, 106/106 Frontend-Tests, beide Builds grün) und die Story-Doku/Sprint-Tracking wurde entsprechend aktualisiert.  **Zusammenfassung:** - **Review-Ziel:** Story 2.5 „Buchung abschließen — konflik"
2026-08-14T15:58:26+0200,A-BMAD-1,35,router,bmad-help,29.5,794,1784,24791,179535,0.230004,ok,"Epic 1 und Epic 2 sind vollständig abgeschlossen (alle Stories `done`). Epic 3 (""Buchung verwalten"", Stories 3.1 und 3.2) ist noch `backlog` — die Story-Dateien existieren noch nicht. Der nächste erforderliche Schritt im Sprint-Zyklus ist daher `bmad-create-story` (Action `create`) für Story 3.1.  `"
2026-08-14T15:58:55+0200,A-BMAD-1,35,step,bmad-create-story,638.9,2158,58363,230574,7806026,4.602807,complete,"Story 3.1 wurde erstellt und der Sprint-Status aktualisiert.  **Zusammenfassung:** Story `3-1-buchung-ueber-buchungsreferenz-abrufen` (Epic 3, erste Story) ist als `ready-for-dev` angelegt. Sie deckt FR-11 vollständig ab: `GET /api/bookings/{reference}`-Endpunkt (Backend-Erweiterung von `BookingDto`"
2026-08-14T16:09:34+0200,A-BMAD-1,36,step,bmad-dev-story,379.5,2204,32529,117583,7572459,3.467487,complete,"Implementierung von Story 3.1 (Buchung über Buchungsreferenz abrufen) abgeschlossen: `GET /api/bookings/{reference}` im Backend, `BuchungAbrufenPage` (`/buchungen`) sowie GET-Fallback mit `justBooked`-Unterscheidung in `BuchungDetailPage` im Frontend. Alle 9 Tasks/Subtasks erledigt, 37 Backend-Tests"
2026-08-14T16:21:48+0200,A-BMAD-1,37,rate_limit_wait_start,,,,,,,,,attempt=1 wait_min=150 quelle=Ruecksetzzeit aus der Meldung
2026-08-14T18:52:00+0200,A-BMAD-1,37,rate_limit_wait_end,,9011.1,,,,,,,
2026-08-14T18:52:00+0200,A-BMAD-1,37,step,bmad-code-review,828.0,4887,126902,418850,10176331,6.897704,complete,"## Zusammenfassung  Code-Review für Story 3.1 „Buchung über Buchungsreferenz abrufen"" abgeschlossen (Diff `8037084..7ab498d`, drei parallele Review-Layer: Blind Hunter, Edge Case Hunter, Acceptance Auditor gegen die Story-Spec).  **Ergebnis:** 6 `patch`-Findings automatisch behoben, 1 `defer`, 8 `di"
2026-08-14T19:05:48+0200,A-BMAD-1,38,router,bmad-help,25.2,794,1447,23286,177964,0.215448,ok,"Story 3-2 (Buchung stornieren) ist noch offen, während 3-1 als `done` abgeschlossen ist. Der Katalog sieht nach `bmad-dev-story` → `bmad-code-review` als nächsten Zyklus `bmad-create-story` (create) für die nächste Backlog-Story vor.  ```json {""status"":""complete"",""next_skill"":""bmad-create-story"",""ac"
2026-08-14T19:06:13+0200,A-BMAD-1,38,step,bmad-create-story,344.0,5226,36406,165129,2903288,2.419174,complete,"Leer, kein weiterer Terminal-Schritt nötig.  ## Zusammenfassung  Story **3-2-buchung-stornieren** (Epic 3, FR-12) wurde erstellt unter `_bmad-output/implementation-artifacts/3-2-buchung-stornieren.md`, Status `ready-for-dev`. Sprint-Status aktualisiert.  Kerninhalt der Story: - **Backend:** `Booking"
2026-08-14T19:11:57+0200,A-BMAD-1,39,step,bmad-dev-story,311.1,2176,26199,108678,5945740,2.831077,complete,"All files match the File List. Story 3.2 ""Buchung stornieren"" is fully implemented, all tasks/subtasks checked, tests green (41 backend + 127 frontend), and status set to ""review"" in both the story file and sprint-status.yaml.  ```json {""status"": ""success"", ""step"": ""bmad-dev-story"", ""story_key"": ""3-"
2026-08-14T19:17:08+0200,A-BMAD-1,40,step,bmad-code-review,654.6,3684,89706,342584,6172031,4.733666,complete,"## Zusammenfassung  Code-Review für Story **3.2 „Buchung stornieren""** durchgeführt (Diff `77c55be..d6a96ab`, Blind Hunter + Edge Case Hunter + Acceptance Auditor parallel, danach Triage gegen den echten Code).  **Ergebnis:** - Acceptance Auditor: 0 Verstöße — alle ACs (1–5) korrekt implementiert. -"
2026-08-14T19:28:02+0200,A-BMAD-1,41,router,bmad-help,36.4,798,2200,31102,259371,0.298073,ok,"Bestätigt: alle 3 Epics mit insgesamt 11 Stories sind im Sprint-Plan als `done` markiert (letzte: 3-2-buchung-stornieren, Code Review am 14.08.2026 abgeschlossen). Es gibt keine weiteren Epics/Stories, und der einzig verbleibende Schritt (Retrospektive) ist laut Katalog `required=false`.  {""status"":"
2026-08-14T19:28:39+0200,A-BMAD-1,41,terminated,,,,,,,,regular,T1=6.24h wait=3.79h tokens=250604387
